artist_name,painting_name,artist_year_of_death,artist_gender,artist_origin,painting_style,painting_content,painting_medium,painting_turnover,painting_wikiart_link,painting_rarity,painting_image_link,artist_description,artist_wiki_link,artist_image_link,nft_collectible_link,nft_image_link,nft_ipfs_token_id,
Edouard Manet,The Fifer,1883,Male,French,Realism,portrait,"oil, canvas",16246389,https://www.wikiart.org/en/edouard-manet/the-fifer-1866,4,https://i.ibb.co/wh7j0j1/image.jpg,"Édouard Manet  was a French modernist painter. He was one of the first 19th-century artists to paint modern life, as well as a pivotal figure in the transition from Realism to Impressionism.",https://en.wikipedia.org/wiki/%C3%89douard_Manet,https://i.ibb.co/LP5Qcz5/image.jpg,https://i.ibb.co/v186HFD/image.png,https://i.ibb.co/JngG07f/image.gif,1,
Ben Shahn,Portrait of Dag Hammarskjold,1969,Male,American,Expressionism,portrait,wood,29000,https://www.wikiart.org/en/ben-shahn/portrait-of-dag-hammarskjold-1962,6,https://i.ibb.co/q5yd2Dn/image.jpg,"Ben Shahn  was an American artist. He is best known for his works of social realism, his left-wing political views, and his series of lectures published as The Shape of Content.",https://en.wikipedia.org/wiki/Ben_Shahn,https://i.ibb.co/CwSYVbx/image.jpg,https://i.ibb.co/58CPS4x/image.png,https://i.ibb.co/Th694qM/image.gif,2,
James Rosenquist,Welcome to the Water Planet,2017,Male,American,Pop Art,figurative,,13866149,https://www.wikiart.org/en/james-rosenquist/welcome-to-the-water-planet-1987-1,4,https://i.ibb.co/4R6cNdL/image.jpg,"James Rosenquist  was an American artist and one of the proponents of the pop art movement. Drawing from his background working in sign painting, Rosenquist's pieces often explored the role of advertising and consumer culture in art and society, utilizing techniques he learned making commercial art to depict popular cultural icons and mundane everyday objects.",https://en.wikipedia.org/wiki/James_Rosenquist,https://i.ibb.co/n63t0VD/image.jpg,https://i.ibb.co/kBkSdp8/image.png,https://i.ibb.co/KN6cLrL/image.gif,3,
Joaquin Torres-Garcia,Abstract Art in Five Tones and Complementaries,1949,Male,Spanish,Abstract Art,abstract,"oil, board",9392548,https://www.wikiart.org/en/joaquin-torres-garcia/abstract-art-in-five-tones-and-complementaries-1943,4,https://i.ibb.co/rv5VXW1/image.jpg,"Joaquín Torres García  was a Uruguayan-Spanish artist who was born in Montevideo, Uruguay. Torres-García emigrated to Catalunya, Spain as an adolescent, where he began his career as an artist in 1891.",https://en.wikipedia.org/wiki/Joaqu%C3%ADn_Torres-Garc%C3%ADa,https://i.ibb.co/qMnDsK2/image.jpg,https://i.ibb.co/rft8PmW/image.png,https://i.ibb.co/BtGbYYX/image.gif,4,
Hilma af Klint,"Atom Series, No. 8 Atom on the ether plane is in constant change between rest and activity. At the rest it pulls itself inwards. This affects the earthly atom as giving of force.",1944,Female,Swedish,Abstract Art,abstract,"watercolor, paper",,https://www.wikiart.org/en/hilma-af-klint/atom-series-no-8-atom-on-the-ether-plane-is-in-constant-change-between-rest-and-activity-at-the-1917,4,https://i.ibb.co/HxV5BDz/image.jpg,"Hilma af Klint  was a Swedish artist and mystic whose paintings are considered among the first abstract works known in Western art history. A considerable body of her work predates the first purely abstract compositions by Kandinsky, Malevich and Mondrian.",https://en.wikipedia.org/wiki/Hilma_af_Klint,https://i.ibb.co/3vRDdtb/image.jpg,https://i.ibb.co/xgt5XdW/image.png,https://i.ibb.co/pdLFt3t/image.gif,5,
Andrea Mantegna,Madonna and Child with Seraphim and Cherubim,1506,Male,Italian,Early Renaissance,religious painting,"wood, gold, tempera",5924,https://www.wikiart.org/en/andrea-mantegna/madonna-and-child-with-seraphim-and-cherubim-1460,6,https://i.ibb.co/CmPZjng/image.jpg,"Andrea Mantegna  was an Italian painter, a student of Roman archeology, and son-in-law of Jacopo Bellini. 
Like other artists of the time, Mantegna experimented with perspective, e.",https://en.wikipedia.org/wiki/Andrea_Mantegna,https://i.ibb.co/5v6WMdj/image.jpg,https://i.ibb.co/7j88X6q/image.png,https://i.ibb.co/YhJRBhr/image.gif,6,
Martin Schongauer,Wild woman with shield,1976,Male,German,Northern Renaissance,mythological painting,,37352,https://www.wikiart.org/en/martin-schongauer/wild-woman-with-shield-1490,6,https://i.ibb.co/DCFTrCX/image.jpg,"Martin Schongauer , also known as Martin Schön  or Hübsch Martin  by his contemporaries, was an Alsatian engraver and painter. He was the most important printmaker north of the Alps before Albrecht Dürer, a younger artist who collected his work.",https://en.wikipedia.org/wiki/Martin_Schongauer,https://i.ibb.co/8xw9c1S/image.jpg,https://i.ibb.co/0s514K1/image.png,https://i.ibb.co/4mHHyHB/image.gif,7,
Marie Laurencin,Two Heads,1956,Female,Russian,Expressionism,portrait,,2365533,https://www.wikiart.org/en/marie-laurencin/two-heads-1935,5,https://i.ibb.co/nj6WmL7/image.jpg,Marie Laurencin  was a French painter and printmaker. She became an important figure in the Parisian avant-garde as a member of the Cubists associated with the Section d'Or.,https://en.wikipedia.org/wiki/Marie_Laurencin,https://i.ibb.co/wp9Gygk/image.jpg,https://i.ibb.co/KsGZmnQ/image.png,https://i.ibb.co/kJ4jZSn/image.gif,8,
Orazio Gentileschi,Young Woman Playing a Violin,1639,Male,Italian,Mannerism (Late Renaissance),genre painting,,0,https://www.wikiart.org/en/orazio-gentileschi/young-woman-playing-a-violin-1624,6,https://i.ibb.co/bHXdhSw/image.jpg,"Orazio Lomi Gentileschi  was an Italian painter. Born in Tuscany, he began his career in Rome, painting in a Mannerist style, much of his work consisting of painting the figures within the decorative schemes of other artists.",https://en.wikipedia.org/wiki/Orazio_Gentileschi,https://i.ibb.co/7yHDbPz/image.jpg,https://i.ibb.co/9r8WMV4/image.png,https://i.ibb.co/99HnntB/image.gif,9,
Rene Magritte,The treachery of images (This is not a pipe),1967,Male,Belgian,Surrealism,symbolic painting,"oil, canvas",173838476,https://www.wikiart.org/en/rene-magritte/the-treachery-of-images-this-is-not-a-pipe-1948,1,https://i.ibb.co/zR7Cb1j/image.jpg,"René François Ghislain Magritte  was a Belgian surrealist artist, who became well known for creating a number of witty and thought-provoking images. Often depicting ordinary objects in an unusual context, his work is known for challenging observers' preconditioned perceptions of reality.",https://en.wikipedia.org/wiki/Ren%C3%A9_Magritte,https://i.ibb.co/bzjxmBy/image.jpg,https://i.ibb.co/LgcwpL4/image.png,https://i.ibb.co/wJvg5ck/image.gif,10,
Victor Vasarely,Tekers-MC,1997,Male,French,Op Art,abstract,"acrylic, canvas",15194843,https://www.wikiart.org/en/victor-vasarely/tekers-mc-1981,4,https://i.ibb.co/pZ5v4Py/image.jpg,"Victor Vasarely  was a Hungarian-French artist, who is widely accepted as a ""grandfather"" and leader of the Op art movement.
His work entitled Zebra, created in 1937, is considered by some to be one of the earliest examples of Op art.",https://en.wikipedia.org/wiki/Victor_Vasarely,https://i.ibb.co/FBzp3p5/image.jpg,https://i.ibb.co/cX8cN79/image.png,https://i.ibb.co/Z21xHyZ/image.gif,11,
Childe Hassam,A long island garden,1935,Male,American,Impressionism,landscape,,210300,https://www.wikiart.org/en/childe-hassam/a-long-island-garden,6,https://i.ibb.co/tbsPV70/image.jpg,"Frederick Childe Hassam  was an American Impressionist painter, noted for his urban and coastal scenes. Along with Mary Cassatt and John Henry Twachtman, Hassam was instrumental in promulgating Impressionism to American collectors, dealers, and museums.",https://en.wikipedia.org/wiki/Childe_Hassam,https://i.ibb.co/qkt7Y67/image.jpg,https://i.ibb.co/hC7xRhV/image.png,https://i.ibb.co/0BTmsWc/image.gif,12,
Ben Nicholson,July 27-53 (ivory),1982,Male,British,Abstract Art,still life,,7472991,https://www.wikiart.org/en/ben-nicholson/july-27-53-ivory-1953,4,https://i.ibb.co/wpMmcjc/image.jpg,"Benjamin Lauder Nicholson, OM  was an English painter of abstract compositions , landscape and still-life..",https://en.wikipedia.org/wiki/Ben_Nicholson,https://i.ibb.co/PCcc8BH/image.jpg,https://i.ibb.co/QpnqQjC/image.png,https://i.ibb.co/9rt2mgf/image.gif,13,
Hans Hartung,Untitled,1989,Male,French,Tachisme,abstract,,22952675,https://www.wikiart.org/en/hans-hartung/untitled-1976,3,https://i.ibb.co/YQZ9hwK/image.jpg,"Hans Hartung  was a German-French painter, known for his gestural abstract style. He was also a decorated World War II veteran of the Legion d'honneur.",https://en.wikipedia.org/wiki/Hans_Hartung,https://i.ibb.co/FDrRgBF/image.jpg,https://i.ibb.co/dtHH87N/image.png,https://i.ibb.co/7XmFrjL/image.gif,14,
Emil Nolde,Holy Family,1956,Male,German,Expressionism,religious painting,,12716423,https://www.wikiart.org/en/emil-nolde/holy-family-1931,4,https://i.ibb.co/3yFVyDL/image.jpg,"Emil Nolde  was a German-Danish painter and printmaker. He was one of the first Expressionists, a member of Die Brücke, and was one of the first oil painting and watercolor painters of the early 20th century to explore color.",https://en.wikipedia.org/wiki/Emil_Nolde,https://i.ibb.co/47nMd74/image.jpg,https://i.ibb.co/GHL0wb5/image.png,https://i.ibb.co/MGZ9Pd8/image.gif,15,
Balthus,Nude in Profile,2001,Male,French,Expressionism,nude painting (nu),"oil, canvas",33917142,https://www.wikiart.org/en/balthus/nude-in-profile,3,https://i.ibb.co/CP4QQbg/image.jpg,"Balthasar Klossowski de Rola , known as Balthus, was a Polish-French modern artist. He is known for his erotically charged images of pubescent girls, but also for the refined, dreamlike quality of his imagery.",https://en.wikipedia.org/wiki/Balthus,https://i.ibb.co/YRBqD5Z/image.jpg,https://i.ibb.co/RhCN2mV/image.png,https://i.ibb.co/RgZdrcK/image.gif,16,
Hans Hartung,Untitled (T1982-H12),1989,Male,French,Tachisme,abstract,,22952675,https://www.wikiart.org/en/hans-hartung/untitled-t1982-h12-1982,3,https://i.ibb.co/kMRqcD4/image.jpg,"Hans Hartung  was a German-French painter, known for his gestural abstract style. He was also a decorated World War II veteran of the Legion d'honneur.",https://en.wikipedia.org/wiki/Hans_Hartung,https://i.ibb.co/FDrRgBF/image.jpg,https://i.ibb.co/MgWLYrC/image.png,https://i.ibb.co/Y7TwpSn/image.gif,17,
Andre Derain,"Charing Cross Bridge, London",1954,Male,French,Fauvism,cityscape,"oil, canvas",26296022,https://www.wikiart.org/en/andre-derain/charing-cross-bridge-1906,3,https://i.ibb.co/v3wdDXj/image.png,"André Derain  was a French artist, painter, sculptor and co-founder of Fauvism with Henri Matisse..",https://en.wikipedia.org/wiki/Andr%C3%A9_Derain,https://i.ibb.co/BKGKzBg/image.jpg,https://i.ibb.co/3rq1wjS/image.png,https://i.ibb.co/rHQ47DX/image.gif,18,
Lin Fengmian,Chrysanthemums,1991,Male,Chinese,Expressionism,flower painting,,17049498,https://www.wikiart.org/en/lin-fengmian/chrysanthum-1988,4,https://i.ibb.co/smGGHzs/image.jpg,"Lin Fengmian , originally Lin Fengming , was a Chinese painter and is considered a pioneer of modern Chinese painting for blending Chinese and Western styles, he was one of the earliest Chinese painters to study in Europe. He was also an important innovator in the area of Chinese art education.",https://en.wikipedia.org/wiki/Lin_Fengmian,https://i.ibb.co/cKWg0p9/image.jpg,https://i.ibb.co/jMsC2BP/image.png,https://i.ibb.co/y6vZjCJ/image.gif,19,
Anders Zorn,Against The Current,1920,Male,Swedish,Realism,nude painting (nu),"etching, paper",700,https://www.wikiart.org/en/anders-zorn/against-the-current-1919,6,https://i.ibb.co/Hrzcc8J/image.jpg,"Anders Leonard Zorn  was a Swedish painter. He attained international success as a painter, sculptor, and etcher.",https://en.wikipedia.org/wiki/Anders_Zorn,https://i.ibb.co/TkYbT7G/image.jpg,https://i.ibb.co/G7xSNWT/image.png,https://i.ibb.co/3FQYhBw/image.gif,20,
George Grosz,Germany a Winter's Tale,1959,Male,German,,,,13562243,https://www.wikiart.org/en/george-grosz/germany-a-winters-tale-1919,4,https://i.ibb.co/023gmsN/image.jpg,George Grosz  was a German artist known especially for his caricatural drawings and paintings of Berlin life in the 1920s. He was a prominent member of the Berlin Dada and New Objectivity groups during the Weimar Republic.,https://en.wikipedia.org/wiki/George_Grosz,https://i.ibb.co/ydwTMcH/image.jpg,https://i.ibb.co/6N5k9QJ/image.png,https://i.ibb.co/nbsh15r/image.gif,21,
Lois Mailou Jones,Jardin Du Luxembourg,1998,Female,American,Impressionism,cityscape,,0,https://www.wikiart.org/en/lois-mailou-jones/jardin-du-luxembourg-1948,6,https://i.ibb.co/n0P8K1W/image.jpg,"Lois Mailou Jones  was an artist and educator. Her work can be found in the collections of the Smithsonian American Art Museum, The Metropolitan Museum of Art, the National Museum of Women in the Arts, the Brooklyn Museum, the Museum of Fine Arts, Boston, Muscarelle Museum of Art, and The Phillips Collection.",https://en.wikipedia.org/wiki/Lois_Mailou_Jones,https://i.ibb.co/3chVLdJ/image.jpg,https://i.ibb.co/FsmCZ8m/image.png,https://i.ibb.co/vjt8JzK/image.gif,22,
Berthe Morisot,Young Girl with a Fan,1895,Female,French,Impressionism,genre painting,"oil, canvas",8638667,https://www.wikiart.org/en/berthe-morisot/young-girl-with-a-fan-1893,4,https://i.ibb.co/JpWPrQy/image.jpg,"Berthe Marie Pauline Morisot  was a French painter and a member of the circle of painters in Paris who became known as the Impressionists. 
In 1864, Morisot exhibited for the first time in the highly esteemed Salon de Paris.",https://en.wikipedia.org/wiki/Berthe_Morisot,https://i.ibb.co/RQNqzbg/image.jpg,https://i.ibb.co/txZs82v/image.png,https://i.ibb.co/6XCmVH7/image.gif,23,
Jean-Baptiste Oudry,Lion,1755,Male,French,Rococo,animal painting,"oil, canvas",0,https://www.wikiart.org/en/jean-baptiste-oudry/lion-1752,6,https://i.ibb.co/j5TZhyV/image.jpg,"Jean-Baptiste Oudry  was a French Rococo painter, engraver, and tapestry designer.  He is particularly well known for his naturalistic pictures of animals and his hunt pieces depicting game.",https://en.wikipedia.org/wiki/Jean-Baptiste_Oudry,https://i.ibb.co/gZtY2tg/image.jpg,https://i.ibb.co/NytdFtF/image.png,https://i.ibb.co/94ybHn8/image.gif,24,
Maurice Denis,The Road to Calvary,1943,Male,French,Post-Impressionism,religious painting,"oil, canvas",2594364,https://www.wikiart.org/en/maurice-denis/the-road-to-calvary,5,https://i.ibb.co/nfpqRQ6/image.jpg,"Maurice Denis  was a French painter, decorative artist, and writer. An important figure in the transitional period between impressionism and modern art, he is associated with  Les Nabis, symbolism, and later neo-classicism.",https://en.wikipedia.org/wiki/Maurice_Denis,https://i.ibb.co/j61884f/image.jpg,https://i.ibb.co/Ytm3hP0/image.png,https://i.ibb.co/XssB5Cr/image.gif,25,
Paul Klee,Twittering Machine,1940,Male,German,Expressionism,figurative,"gouache, ink, watercolor, paper",245661927,https://www.wikiart.org/en/paul-klee/twittering-machine-1922,1,https://i.ibb.co/qjzR7Hd/image.jpg,"Paul Klee  was a Swiss-born German artist. His highly individual style was influenced by movements in art that included expressionism, cubism, and surrealism.",https://en.wikipedia.org/wiki/Paul_Klee,https://i.ibb.co/LhVq4Q7/image.jpg,https://i.ibb.co/DrGB6Nn/image.png,https://i.ibb.co/wCqGdsj/image.gif,26,
Joan Miro,The Smile of the Flamboyant Wings,1983,Male,Spanish,Surrealism,abstract,,221616027,https://www.wikiart.org/en/joan-miro/the-smile-of-the-flamboyant-wings,1,https://i.ibb.co/mCzWPNS/image.jpg,"Joan Miró i Ferrà  was a Catalan 
painter, sculptor and ceramicist born in Barcelona. A museum dedicated to his work, the Fundació Joan Miró, was established in his native city of Barcelona in 1975, and another, the Fundació Pilar i Joan Miró, was established in his adoptive city of Palma in 1981.",https://en.wikipedia.org/wiki/Joan_Mir%C3%B3,https://i.ibb.co/tYqhDCC/image.jpg,https://i.ibb.co/8zpMWBY/image.png,https://i.ibb.co/Sv7Vh14/image.gif,27,
Bradley Walker Tomlin,Untitled,1955,Male,American,Abstract Expressionism,abstract,,220000,https://www.wikiart.org/en/bradley-walker-tomlin/untitled-1952,6,https://i.ibb.co/G0nx20N/image.jpg,Bradley Walker Tomlin  belonged to the generation of New York School Abstract Expressionist artists. He participated in the famous ‘’Ninth Street Show.,https://en.wikipedia.org/wiki/Bradley_Walker_Tomlin,https://i.ibb.co/89Y49z9/image.jpg,https://i.ibb.co/QfbZTyr/image.png,https://i.ibb.co/KxrGPgC/image.gif,28,
Leon Bakst,Portrait of Alexandre Benois,1924,Male,Russian,Art Nouveau (Modern),portrait,,0,https://www.wikiart.org/en/leon-bakst/portrait-of-alexandre-benois-1898-1,6,https://i.ibb.co/GvTFmcy/image.jpg,"Léon Bakst  – born as Leyb-Khaim Izrailevich  Rosenberg, Лейб-Хаим Израилевич  Розенберг  was a Russian painter and scene and costume designer of Jewish origin. He was a member of the Sergei Diaghilev circle and the Ballets Russes, for which he designed exotic, richly coloured sets and costumes.",https://en.wikipedia.org/wiki/L%C3%A9on_Bakst,https://i.ibb.co/F0mXnzk/image.jpg,https://i.ibb.co/ts9WwcP/image.png,https://i.ibb.co/8bqwwhF/image.gif,29,
Chaim Soutine,Portrait of Emile Lejeune,1943,Male,Jewish,Expressionism,portrait,"oil, canvas",37177539,https://www.wikiart.org/en/chaim-soutine/portrait-of-emile-lejeune-1925,3,https://i.ibb.co/W5FDshg/image.jpg,"Chaïm Soutine  was a Belarusian painter who made a major contribution to the expressionist movement while living and working in Paris.Inspired by classic painting in the European tradition, exemplified by the works of Rembrandt, Chardin and Courbet, Soutine developed an individual style more concerned with shape, color, and texture than representation, which served as a bridge between more traditional approaches and the developing form of Abstract Expressionism.",https://en.wikipedia.org/wiki/Cha%C3%AFm_Soutine,https://i.ibb.co/r4Wtx2n/image.jpg,https://i.ibb.co/YXzHYQf/image.png,https://i.ibb.co/qDFDvyw/image.gif,30,
Otto Dix,Mother and Eva,1969,Male,German,Verism,portrait,,2510238,https://www.wikiart.org/en/otto-dix/mother-and-eva,5,https://i.ibb.co/dcYhDZ4/image.jpg,"Wilhelm Heinrich Otto Dix  was a German painter and printmaker, noted for his ruthless and harshly realistic depictions of German society during the Weimar Republic and the brutality of war. Along with George Grosz and Max Beckmann, he is widely considered one of the most important artists of the Neue Sachlichkeit.",https://en.wikipedia.org/wiki/Otto_Dix,https://i.ibb.co/R7s7NLp/image.jpg,https://i.ibb.co/XZtqZz9/image.png,https://i.ibb.co/4J6zhwX/image.gif,31,
George Bellows,The Big Dory,1925,Male,American,American Realism,genre painting,,44000,https://www.wikiart.org/en/george-bellows/the-big-dory-1913,6,https://i.ibb.co/ctF8dpj/image.jpg,"George Wesley Bellows  was an American realist painter, known for his bold depictions of urban life in New York City. He became, according to the Columbus Museum of Art, ""the most acclaimed American artist of his generation"".",https://en.wikipedia.org/wiki/George_Bellows,https://i.ibb.co/Wg6sxMc/image.jpg,https://i.ibb.co/SKr9zQ4/image.png,https://i.ibb.co/HCd9wCh/image.gif,32,
John Marin,Movement in Greys and Yellows,1953,Male,American,Abstract Art,abstract,,70450,https://www.wikiart.org/en/john-marin/movement-in-greys-and-yellows-1946,6,https://i.ibb.co/wMMbWVp/image.jpg,John Marin  was an early American modernist artist.  He is known for his abstract landscapes and watercolors.,https://en.wikipedia.org/wiki/John_Marin,https://i.ibb.co/BT2G1t6/image.jpg,https://i.ibb.co/J3GYM2x/image.png,https://i.ibb.co/gV85d1z/image.gif,33,
Georgia O Keeffe,Nude Series VIII,1986,Female,American,Precisionism,nude painting (nu),watercolor,,https://www.wikiart.org/en/georgia-o-keeffe/nude-series-viii,3,https://i.ibb.co/dfvHxpC/image.jpg, ,,https://i.ibb.co/2Wspn5B/image.jpg,https://i.ibb.co/HBnGLN2/image.png,https://i.ibb.co/kK5Cx4q/image.gif,34,
Alphonse Mucha,Portrait of Jaroslava,1939,Male,Czech,Romanticism,portrait,"oil, canvas",25221,https://www.wikiart.org/en/alphonse-mucha/portrait-of-jaroslava,6,https://i.ibb.co/MM34cRB/image.jpg,"Alfons Maria Mucha , known internationally as Alphonse Mucha, was a Czech painter, illustrator and graphic artist, living in Paris during the Art Nouveau period, best known for his distinctly stylized and decorative theatrical posters, particularly those of Sarah Bernhardt. He produced illustrations, advertisements, decorative panels, as well as designs, which became among the best-known images of the period.",https://en.wikipedia.org/wiki/Alphonse_Mucha,https://i.ibb.co/gFGmwMN/image.jpg,https://i.ibb.co/98NBV23/image.png,https://i.ibb.co/tYF65N8/image.gif,35,
Vincent van Gogh,Portrait of Doctor Gachet,1890,Male,Dutch,Post-Impressionism,portrait,"oil, canvas",1010381359,https://www.wikiart.org/en/vincent-van-gogh/portrait-of-doctor-gachet-1890,1,https://i.ibb.co/THLM8ym/image.jpg,"Vincent Willem van Gogh  was a Dutch Post-Impressionist painter who posthumously became one of the most famous and influential figures in the history of Western art. In a decade, he created about 2,100 artworks, including around 860 oil paintings, most of which date from the last two years of his life.",https://en.wikipedia.org/wiki/Vincent_van_Gogh,https://i.ibb.co/KKymN8Y/image.jpg,https://i.ibb.co/F3GKrdk/image.png,https://i.ibb.co/SrTg1FH/image.gif,36,
Dante Gabriel Rossetti,Self-Portrait,1882,Male,British,Romanticism,self-portrait,"pen, paper",0,https://www.wikiart.org/en/dante-gabriel-rossetti/self-portrait-1847,6,https://i.ibb.co/486tjNn/image.jpg,"Gabriel Charles Dante Rossetti , generally known as Dante Gabriel Rossetti ,  was an English poet, illustrator, painter, and translator, and member of the Rossetti family. He founded the Pre-Raphaelite Brotherhood in 1848 with William Holman Hunt and John Everett Millais.",https://en.wikipedia.org/wiki/Dante_Gabriel_Rossetti,https://i.ibb.co/D7rCyHK/image.jpg,https://i.ibb.co/5FDXBs8/image.png,https://i.ibb.co/23pvtmy/image.gif,37,
Pieter Bruegel the Elder,The Gloomy Day (January),1569,Male,Flemish,Northern Renaissance,landscape,"oil, panel",251612,https://www.wikiart.org/en/pieter-bruegel-the-elder/the-gloomy-day-1559,6,https://i.ibb.co/pynYP7t/image.jpg,"Pieter Bruegel  the Elder  was the most significant artist of Dutch and Flemish Renaissance painting, a painter and printmaker, known for his landscapes and peasant scenes ; he was a pioneer in making both types of subject the focus in large paintings.
He was a formative influence on Dutch Golden Age painting and later painting in general in his innovative choices of subject matter, as one of the first generation of artists to grow up when religious subjects had ceased to be the natural subject matter of painting.",https://en.wikipedia.org/wiki/Pieter_Bruegel_the_Elder,https://i.ibb.co/8DD24Gn/image.jpg,https://i.ibb.co/B6dkbzs/image.png,https://i.ibb.co/bddQncd/image.gif,38,
Serge Poliakoff,Composition abstraite,1969,Male,French,Tachisme,abstract,,15619371,https://www.wikiart.org/en/serge-poliakoff/composition-abstraite-1959,4,https://i.ibb.co/JCf4p1y/image.jpg,Serge Poliakoff  was a Russian-born French modernist painter belonging to the 'New' Ecole de Paris ..,https://en.wikipedia.org/wiki/Serge_Poliakoff,https://i.ibb.co/YDbpbr4/image.jpg,https://i.ibb.co/BLkW0RK/image.png,https://i.ibb.co/Rvf3tXt/image.gif,39,
Georges Braque,Fruit on a Tablecloth with a Fruitdish,1963,Male,French,Cubism,still life,,59249212,https://www.wikiart.org/en/georges-braque/fruit-on-a-tablecloth-with-a-fruitdish-1925,2,https://i.ibb.co/sWJkqpt/image.jpg,"Georges Braque  was a major 20th-century French painter, collagist, draughtsman, printmaker and sculptor. His most notable contributions were in his alliance with Fauvism from 1905, and the role he played in the development of Cubism.",https://en.wikipedia.org/wiki/Georges_Braque,https://i.ibb.co/cJNhn7Q/image.jpg,https://i.ibb.co/7K1PW2L/image.png,https://i.ibb.co/sPLgTYJ/image.gif,40,
William-Adolphe Bouguereau,Dante and Virgil,1905,Male,French,Neoclassicism,illustration,"oil, canvas",0,https://www.wikiart.org/en/william-adolphe-bouguereau/dante-and-virgil-1850,6,https://i.ibb.co/PmxMbYn/image.jpg,"William-Adolphe Bouguereau  was a French academic painter. In his realistic genre paintings he used mythological themes, making modern interpretations of classical subjects, with an emphasis on the female human body.",https://en.wikipedia.org/wiki/William-Adolphe_Bouguereau,https://i.ibb.co/5nFzYSb/image.jpg,https://i.ibb.co/YbKXkcH/image.png,https://i.ibb.co/TTzsMKW/image.gif,41,
Eugene Carriere,Portrait de Henri Rochefort,1906,Male,French,Symbolism,portrait,,3604,https://www.wikiart.org/en/eugene-carriere/portrait-de-henri-rochefort-1896,6,https://i.ibb.co/1bwF27G/image.jpg,"Eugène Anatole Carrière  was a French Symbolist artist of the fin-de-siècle period. Carrière's paintings are best known for their near-monochrome brown palette and their ethereal, dreamlike quality.",https://en.wikipedia.org/wiki/Eug%C3%A8ne_Carri%C3%A8re,https://i.ibb.co/t8dTB9W/image.jpg,https://i.ibb.co/P1c41tf/image.png,https://i.ibb.co/gwqbJQv/image.gif,42,
Ernst Ludwig Kirchner,Double Self-Portrait,1938,Male,German,Expressionism,self-portrait,,70769988,https://www.wikiart.org/en/ernst-ludwig-kirchner/douple-self-portrait,2,https://i.ibb.co/mS3VT22/image.jpg,"Ernst Ludwig Kirchner  was a German expressionist painter and printmaker and one of the founders of the artists group Die Brücke or ""The Bridge"", a key group leading to the foundation of Expressionism in 20th-century art. He volunteered for army service in the First World War, but soon suffered a breakdown and was discharged.",https://en.wikipedia.org/wiki/Ernst_Ludwig_Kirchner,https://i.ibb.co/dKRpTm1/image.jpg,https://i.ibb.co/pQGKLR4/image.png,https://i.ibb.co/0ZrzXDr/image.gif,43,
Joaquin Torres-Garcia,El Puerto de Barcelona,1949,Male,Spanish,Abstract Art,abstract,,9392548,https://www.wikiart.org/en/joaquin-torres-garcia/el-puerto-de-barcelona-1919,4,https://i.ibb.co/HCrrvg0/image.jpg,"Joaquín Torres García  was a Uruguayan-Spanish artist who was born in Montevideo, Uruguay. Torres-García emigrated to Catalunya, Spain as an adolescent, where he began his career as an artist in 1891.",https://en.wikipedia.org/wiki/Joaqu%C3%ADn_Torres-Garc%C3%ADa,https://i.ibb.co/qMnDsK2/image.jpg,https://i.ibb.co/R0tHGZh/image.png,https://i.ibb.co/5hWcD7S/image.gif,44,
Antoni Tapies,Skeleton on material,2012,Male,Spanish,Art Informel,figurative,,13519413,https://www.wikiart.org/en/antoni-tapies/skeleton-on-material-2001,4,https://i.ibb.co/c12QLG5/image.jpg,"Antoni Tàpies i Puig, 1st Marquess of Tápies  was a Catalan Spanish painter, sculptor and art theorist, who became one of the most famous European artists of his generation..",https://en.wikipedia.org/wiki/Antoni_T%C3%A0pies,https://i.ibb.co/mGjCwQ0/image.jpg,https://i.ibb.co/pnHSX7r/image.png,https://i.ibb.co/c6GfVG3/image.gif,45,
Morris Louis,Seal,1962,Male,American,Color Field Painting,abstract,"magna, canvas",34798759,https://www.wikiart.org/en/morris-louis/seal-1959,3,https://i.ibb.co/BN3xpGg/image.jpg,"Morris Louis Bernstein , known professionally as Morris Louis, was an American painter. During the 1950s he became one of the earliest exponents of Color Field painting.",https://en.wikipedia.org/wiki/Morris_Louis,https://i.ibb.co/3MDJp1f/image.jpg,https://i.ibb.co/Lvyn2Tm/image.png,https://i.ibb.co/Y0MYHM4/image.gif,46,
Ivan Albright,Into the World There Came a Soul Called Ida,1983,Male,American,Magic Realism,genre painting,oil,250,https://www.wikiart.org/en/ivan-albright/into-the-world-there-came-a-soul-called-ida-1930,6,https://i.ibb.co/TP27BPQ/image.jpg,"Ivan Le Lorraine Albright  was an American painter, sculptor and print-maker most renowned for his self-portraits, character studies, and still lifes. Due to his technique and dark subject matter, he is often categorized among the Magic Realists and is sometimes referred to as the ""master of the macabre"".",https://en.wikipedia.org/wiki/Ivan_Albright,https://i.ibb.co/7Q7DLWr/image.jpg,https://i.ibb.co/NZ3m6sJ/image.png,https://i.ibb.co/8rCPQPW/image.gif,47,
Winslow Homer,Fox Hunt,1910,Male,American,Realism,wildlife painting,"oil, canvas",2224700,https://www.wikiart.org/en/winslow-homer/fox-hunt,5,https://i.ibb.co/7ycMgmg/image.jpg,"Winslow Homer  was an American landscape painter and illustrator, best known for his marine subjects. He is considered one of the foremost painters in 19th-century America and a preeminent figure in American art.",https://en.wikipedia.org/wiki/Winslow_Homer,https://i.ibb.co/g7LczKP/image.jpg,https://i.ibb.co/ZHmvGZ1/image.png,https://i.ibb.co/q9Nj772/image.gif,48,
Alberto Giacometti,Isaku Yanaihara,1966,Male,Swiss,Expressionism,portrait,,361701210,https://www.wikiart.org/en/alberto-giacometti/isaku-yanaihara-1956,1,https://i.ibb.co/PjDc6R5/image.jpg,"Alberto Giacometti  was a Swiss sculptor, painter, draftsman and printmaker.  Beginning in 1922, he lived and worked mainly in Paris but regularly visited his hometown Borgonovo to see his family and work on his art.",https://en.wikipedia.org/wiki/Alberto_Giacometti,https://i.ibb.co/4R2R8br/image.jpg,https://i.ibb.co/ysmFPq2/image.png,https://i.ibb.co/KVPp138/image.gif,49,
Valentine Hugo,Cadavre Exquis,1968,Female,French,Surrealism,symbolic painting,,15601,https://www.wikiart.org/en/valentine-hugo/cadavre-exquis-1934,6,https://i.ibb.co/1Rvs0P0/image.jpg,"Valentine Hugo  was a French artist and writer. She was born Valentine Marie Augustine Gross, only daughter to Auguste Gross and Zélie Démelin, in Boulogne-sur-Mer.",https://en.wikipedia.org/wiki/Valentine_Hugo,https://i.ibb.co/x7rHBv8/image.jpg,https://i.ibb.co/p1m6BXg/image.png,https://i.ibb.co/vDLxQ7M/image.gif,50,
Mark Rothko,Untitled,1970,Male,American,Color Field Painting,abstract,oil,355277639,https://www.wikiart.org/en/mark-rothko/untitled-4,1,https://i.ibb.co/XzpzFMn/image.jpg,"Mark Rothko , born Markus Yakovlevich Rothkowitz , was an American abstract painter of Latvian Jewish descent.  He is best known for his color field paintings that depicted irregular and painterly rectangular regions of color, which he produced from 1949 to 1970.",https://en.wikipedia.org/wiki/Mark_Rothko,https://i.ibb.co/nnZVXyy/image.jpg,https://i.ibb.co/SdPywW3/image.png,https://i.ibb.co/gyHwL9X/image.gif,51,
Hilma af Klint,"Series No. VII, No. 3f",1944,Female,Swedish,Abstract Art,abstract,,,https://www.wikiart.org/en/hilma-af-klint/series-no-vii-no-3f-1920,4,https://i.ibb.co/K63V23V/image.jpg,"Hilma af Klint  was a Swedish artist and mystic whose paintings are considered among the first abstract works known in Western art history. A considerable body of her work predates the first purely abstract compositions by Kandinsky, Malevich and Mondrian.",https://en.wikipedia.org/wiki/Hilma_af_Klint,https://i.ibb.co/3vRDdtb/image.jpg,https://i.ibb.co/njvQw76/image.png,https://i.ibb.co/1K3MXfR/image.gif,52,
Walter Crane,The Norseman,1915,Male,British,Neo-Romanticism,illustration,,0,https://www.wikiart.org/en/walter-crane/the-norseman-1893,6,https://i.ibb.co/371SqTp/image.jpg,"Walter Crane  was an English artist and book illustrator. He is considered to be the most influential, and among the most prolific, children's book creators of his generation and, along with Randolph Caldecott and Kate Greenaway, one of the strongest contributors to the child's nursery motif that the genre of English children's illustrated literature would exhibit in its developmental stages in the later 19th century.",https://en.wikipedia.org/wiki/Walter_Crane,https://i.ibb.co/rwbCjG3/image.jpg,https://i.ibb.co/XzCcn8F/image.png,https://i.ibb.co/xCktbRy/image.gif,53,
Ivan Albright,Self-Portrait (No.18),1983,Male,American,Expressionism,self-portrait,,250,https://www.wikiart.org/en/ivan-albright/self-portrait-no-18-1983,6,https://i.ibb.co/X2WKWbV/image.jpg,"Ivan Le Lorraine Albright  was an American painter, sculptor and print-maker most renowned for his self-portraits, character studies, and still lifes. Due to his technique and dark subject matter, he is often categorized among the Magic Realists and is sometimes referred to as the ""master of the macabre"".",https://en.wikipedia.org/wiki/Ivan_Albright,https://i.ibb.co/7Q7DLWr/image.jpg,https://i.ibb.co/SJhQqK7/image.png,https://i.ibb.co/8bJKcj7/image.gif,54,
Adolphe Monticelli,The Hay Card,1886,Male,French,Romanticism,landscape,"oil, panel",12846,https://www.wikiart.org/en/adolphe-joseph-thomas-monticelli/the-hay-card,6,https://i.ibb.co/18rtdtB/image.jpg,Adolphe Joseph Thomas Monticelli  was a French painter of the generation preceding the Impressionists..,https://en.wikipedia.org/wiki/Adolphe_Monticelli,https://i.ibb.co/2vjgYrm/image.jpg,https://i.ibb.co/PMRGfbt/image.png,https://i.ibb.co/ZMtCbth/image.gif,55,
Milton Avery,Checker Players,1965,Male,American,Expressionism,portrait,,12809189,https://www.wikiart.org/en/milton-avery/checker-players-1943,4,https://i.ibb.co/6JfFkty/image.jpg,"Milton Clark Avery  was an American modern painter. Born in Altmar, New York, he moved to Connecticut in 1898 and later to New York City.",https://en.wikipedia.org/wiki/Milton_Avery,https://i.ibb.co/vJSyB1C/image.jpg,https://i.ibb.co/W6K2VSv/image.png,https://i.ibb.co/QC196j4/image.gif,56,
David Alfaro Siqueiros,Peace,1974,Male,Mexican,Muralism,symbolic painting,,1306000,https://www.wikiart.org/en/david-alfaro-siqueiros/peace-1961,5,https://i.ibb.co/V3dPmJj/image.jpg,"David Alfaro Siqueiros  was a Mexican social realist painter, best known for his large public murals using the latest in equipment, materials and technique. Along with Diego Rivera and José Clemente Orozco, he was one of the most famous of the  ""Mexican muralists"".",https://en.wikipedia.org/wiki/David_Alfaro_Siqueiros,https://i.ibb.co/Z19KZdr/image.jpg,https://i.ibb.co/PjwPjJV/image.png,https://i.ibb.co/bd11R7r/image.gif,57,
John James Audubon,California Hare,1851,Male,French,Naturalism,animal painting,,293300,https://www.wikiart.org/en/john-james-audubon/california-hare-1847,6,https://i.ibb.co/wWfbwnd/image.jpg,"John James Audubon  was an American self-trained artist, naturalist, and  ornithologist. His combined interests in art and ornithology turned into a plan to make a complete pictorial record of all the bird species of North America.",https://en.wikipedia.org/wiki/John_James_Audubon,https://i.ibb.co/bNngCF0/image.jpg,https://i.ibb.co/wLCZ5q1/image.png,https://i.ibb.co/zQ1BjWy/image.gif,58,
Sonia Delaunay,Prose of the Trans-Siberian and of Little Jehanne of France,1979,Female,French,Orphism,illustration,,1204226,https://www.wikiart.org/en/sonia-delaunay/prose-of-the-trans-siberian-and-of-little-jehanne-of-france-1913,5,https://i.ibb.co/0cyP8QD/image.jpg,"Sonia Delaunay  was a French artist, who spent most of her working life in Paris. She formally trained in Russia and Germany before moving to France and expanding her practice to include textile, fashion, and set design.",https://en.wikipedia.org/wiki/Sonia_Delaunay,https://i.ibb.co/jgdNJpx/image.jpg,https://i.ibb.co/gDfPpwv/image.png,https://i.ibb.co/Msm810L/image.gif,59,
Pierre Bonnard,Picking Cherries,1947,Male,French,Post-Impressionism,genre painting,"oil, canvas",52079531,https://www.wikiart.org/en/pierre-bonnard/picking-cherries-1946,2,https://i.ibb.co/qg6Wg0J/image.jpg,"Pierre Bonnard  was a French painter, illustrator and printmaker, known especially for the stylized decorative qualities of his paintings and his bold use of color. A founding member of the Post-Impressionist group of avant-garde painters Les Nabis, his early work was strongly influenced by the work of Paul Gauguin, as well as the prints of Hokusai and other Japanese artists.",https://en.wikipedia.org/wiki/Pierre_Bonnard,https://i.ibb.co/vZ7Ym82/image.jpg,https://i.ibb.co/WzHPBqG/image.png,https://i.ibb.co/7YTV17m/image.gif,60,
Umberto Boccioni,States of Mind I The Farewells,1916,Male,Italian,Futurism,figurative,"oil, canvas",26422139,https://www.wikiart.org/en/umberto-boccioni/states-of-mind-i-the-farewells-1911,3,https://i.ibb.co/2nZTknV/image.jpg,Umberto Boccioni  was an influential Italian painter and sculptor. He helped shape the revolutionary aesthetic of the Futurism movement as one of its principal figures.,https://en.wikipedia.org/wiki/Umberto_Boccioni,https://i.ibb.co/BTsyr15/image.jpg,https://i.ibb.co/q5Z26ft/image.png,https://i.ibb.co/g4C53Lm/image.gif,61,
Georges Seurat,"The Channel at Gravelines, in the Direction of the Sea",1891,Male,French,Pointillism,landscape,"oil, canvas",1142544,https://www.wikiart.org/en/georges-seurat/the-channel-at-gravelines-in-the-direction-of-the-sea-1890,5,https://i.ibb.co/GCWMYpW/image.jpg,Georges Pierre Seurat  was a French post-Impressionist artist. He devised the painting techniques known as chromoluminarism and pointillism and used conté crayon for drawings on paper with a rough surface.,https://en.wikipedia.org/wiki/Georges_Seurat,https://i.ibb.co/XYbMp32/image.jpg,https://i.ibb.co/K95jWgL/image.png,https://i.ibb.co/Y3XZ4hS/image.gif,62,
Amedeo Modigliani,Jeanne Hebuterne in Red Shawl,1920,Male,Italian,Expressionism,portrait,"oil, canvas",475773204,https://www.wikiart.org/en/amedeo-modigliani/jeanne-hebuterne-in-red-shawl-1917-1,1,https://i.ibb.co/m59PRhm/image.jpg,"Amedeo Clemente Modigliani  was an Italian painter and sculptor who worked mainly in France. He is known for portraits and nudes in a modern style characterized by a surreal elongation of faces, necks, and figures that were not received well during his lifetime, but later became much sought-after.",https://en.wikipedia.org/wiki/Amedeo_Modigliani,https://i.ibb.co/ww8B1r7/image.jpg,https://i.ibb.co/2yf1p0V/image.png,https://i.ibb.co/br2Mz4P/image.gif,63,
Max Liebermann,Beer Garden in Munich,1935,Male,Jewish,Impressionism,genre painting,"oil, canvas",1964381,https://www.wikiart.org/en/max-liebermann/beer-garden-in-munchen,5,https://i.ibb.co/Hx78XRt/image.jpg,"Max Liebermann  was a German painter and printmaker, and one of the leading proponents of Impressionism in Germany and continental Europe. In addition to his activity as an artist, he also assembled an important collection of French Impressionist works.",https://en.wikipedia.org/wiki/Max_Liebermann,https://i.ibb.co/1L64yB2/image.jpg,https://i.ibb.co/6DwjyV9/image.png,https://i.ibb.co/8cbBG8Y/image.gif,64,
Gabriele Munter,Kandinsky and Erma Bossi at the Table in the Murnau House,1962,Female,German,Expressionism,genre painting,,3625946,https://www.wikiart.org/en/gabriele-munter/kandinsky-and-erma-bossi-at-the-table-in-the-murnau-house-1912,5,https://i.ibb.co/44M1Y10/image.jpg,Gabriele Münter  was a German expressionist painter who was at the forefront of the Munich avant-garde in the early 20th century. She studied and lived with the painter Wassily Kandinsky and was a founding member of the expressionist group Der Blaue Reiter.,https://en.wikipedia.org/wiki/Gabriele_M%C3%BCnter,https://i.ibb.co/7tt55bR/image.jpg,https://i.ibb.co/FVg3wnR/image.png,https://i.ibb.co/WgDRLfy/image.gif,65,
Andre Masson,Kitchen-maids,1987,Male,French,,,oil,2989128,https://www.wikiart.org/en/andre-masson/kitchen-maids,5,https://i.ibb.co/kctXBGn/image.jpg,André-Aimé-René Masson  was a French artist..,https://en.wikipedia.org/wiki/Andr%C3%A9_Masson,https://i.ibb.co/m5K2QhS/image.jpg,https://i.ibb.co/5xTnbjt/image.png,https://i.ibb.co/bstFZwr/image.gif,66,
Fairfield Porter,Anne,1975,Male,American,Contemporary Realism,portrait,,0,https://www.wikiart.org/en/fairfield-porter/anne-1965,6,https://i.ibb.co/yYZxdv8/image.jpg,"Fairfield Porter  was an American painter and art critic. He was the fourth of five children of James Porter, an architect, and Ruth Furness Porter, a poet from a literary family.",https://en.wikipedia.org/wiki/Fairfield_Porter,https://i.ibb.co/3fLRwn3/image.jpg,https://i.ibb.co/hfM1ZZP/image.png,https://i.ibb.co/9cTq7ph/image.gif,67,
Albrecht Durer,Hare,1528,Male,German,Northern Renaissance,animal painting,,2130329,https://www.wikiart.org/en/albrecht-durer/hare-1528,5,https://i.ibb.co/fdFvccc/image.jpg,"Albrecht Dürer , sometimes spelled in English as Durer  or Duerer, was a German painter, printmaker, and theorist of the German Renaissance. Born in Nuremberg, Dürer established his reputation and influence across Europe in his twenties due to his high-quality woodcut prints.",https://en.wikipedia.org/wiki/Albrecht_D%C3%BCrer,https://i.ibb.co/LdxMy3j/image.jpg,https://i.ibb.co/WBcPxHY/image.png,https://i.ibb.co/RphgHg2/image.gif,68,
Henry Darger,145 at Jennie Richee. Hard Pressed and Harassaed by the Storm,1973,Male,American,Art Brut,illustration,,1373000,https://www.wikiart.org/en/henry-darger/145-at-jennie-richee-hard-pressed-and-harassaed-by-the-storm,5,https://i.ibb.co/c6JmJSY/image.jpg,"Henry Joseph Darger Jr.  was an American writer, novelist and artist who worked as a hospital custodian in Chicago, Illinois.",https://en.wikipedia.org/wiki/Henry_Darger,https://i.ibb.co/NFFyyRt/image.jpg,https://i.ibb.co/6gTSFgK/image.png,https://i.ibb.co/xgjwfBr/image.gif,69,
Rembrandt van Rijn,The Nightwatch,1669,Male,Dutch,Baroque,genre painting,"oil, canvas",3967646,https://www.wikiart.org/en/rembrandt/the-nightwatch-1642,5,https://i.ibb.co/prScCNd/image.jpg,"Rembrandt Harmenszoon van Rijn , usually simply known as Rembrandt, was a Dutch Golden Age painter, printmaker and draughtsman. An innovative and prolific master in three media, he is generally considered one of the greatest visual artists in the history of art and the most important in Dutch art history.",https://en.wikipedia.org/wiki/Rembrandt,https://i.ibb.co/6NW19st/image.jpg,https://i.ibb.co/2PfQ83Z/image.png,https://i.ibb.co/XJSwtmq/image.gif,70,
Lin Fengmian,Harvest,1991,Male,Chinese,Expressionism,genre painting,,17049498,https://www.wikiart.org/en/lin-fengmian/harvest,4,https://i.ibb.co/Nyr4VD7/image.jpg,"Lin Fengmian , originally Lin Fengming , was a Chinese painter and is considered a pioneer of modern Chinese painting for blending Chinese and Western styles, he was one of the earliest Chinese painters to study in Europe. He was also an important innovator in the area of Chinese art education.",https://en.wikipedia.org/wiki/Lin_Fengmian,https://i.ibb.co/VNMSFqF/image.jpg,https://i.ibb.co/K6P4VTL/image.png,https://i.ibb.co/DMbkytq/image.gif,71,
Alphonse Mucha,Zodiac,1939,Male,Czech,Art Nouveau (Modern),allegorical painting,lithography,25221,https://www.wikiart.org/en/alphonse-mucha/zodiac-1896,6,https://i.ibb.co/RgYsDGP/image.jpg,"Alfons Maria Mucha , known internationally as Alphonse Mucha, was a Czech painter, illustrator and graphic artist, living in Paris during the Art Nouveau period, best known for his distinctly stylized and decorative theatrical posters, particularly those of Sarah Bernhardt. He produced illustrations, advertisements, decorative panels, as well as designs, which became among the best-known images of the period.",https://en.wikipedia.org/wiki/Alphonse_Mucha,https://i.ibb.co/gFGmwMN/image.jpg,https://i.ibb.co/JdDRJWm/image.png,https://i.ibb.co/3vMrC3C/image.gif,72,
Sidney Nolan,Desert Storm,1992,Male,Australian,Expressionism,landscape,"oil, board",39834,https://www.wikiart.org/en/sidney-nolan/desert-storm-1955,6,https://i.ibb.co/VLZ02XJ/image.jpg,"Sir Sidney Robert Nolan   was one of Australia's leading artists of the 20th century. Working in a wide variety of mediums, his oeuvre is among the most diverse and prolific in all of modern art.",https://en.wikipedia.org/wiki/Sidney_Nolan,https://i.ibb.co/s1DyKtN/image.jpg,https://i.ibb.co/qWDShzn/image.png,https://i.ibb.co/TcjQvky/image.gif,73,
Tintoretto,The Miracle of St Mark Freeing the Slave,1594,Male,Italian,Mannerism (Late Renaissance),religious painting,"oil, canvas",198730,https://www.wikiart.org/en/tintoretto/the-miracle-of-st-mark-freeing-the-slave-1548,6,https://i.ibb.co/QnLWvmx/image.jpg,"Tintoretto  was an Italian painter identified with the Venetian school. His contemporaries both admired and criticized the speed with which he painted, and the unprecedented boldness of his brushwork.",https://en.wikipedia.org/wiki/Tintoretto,https://i.ibb.co/5rwGX0F/image.jpg,https://i.ibb.co/sJZnfR6/image.png,https://i.ibb.co/2tGHkhG/image.gif,74,
Raphael,The School of Athens,1520,Male,Italian,High Renaissance,history painting,fresco,0,https://www.wikiart.org/en/raphael/school-of-athens-detail-from-right-hand-side-showing-diogenes-on-the-steps-and-euclid-1511,6,https://i.ibb.co/zNG11TL/image.jpg,"Raffaello Sanzio da Urbino, better known as Raphael , was an Italian painter and architect of the High Renaissance. His work is admired for its clarity of form, ease of composition, and visual achievement of the Neoplatonic ideal of human grandeur.",https://en.wikipedia.org/wiki/Raphael,https://i.ibb.co/XFBDC8B/image.jpg,https://i.ibb.co/wQ0FpRm/image.png,https://i.ibb.co/pPcRJ7F/image.gif,75,
David Alfaro Siqueiros,Peasant Mother,1974,Male,Mexican,Social Realism,genre painting,"oil, burlap",1306000,https://www.wikiart.org/en/david-alfaro-siqueiros/peasant-mother-1962-oil-on-canvas-1962,5,https://i.ibb.co/fYPhbb0/image.jpg,"David Alfaro Siqueiros  was a Mexican social realist painter, best known for his large public murals using the latest in equipment, materials and technique. Along with Diego Rivera and José Clemente Orozco, he was one of the most famous of the  ""Mexican muralists"".",https://en.wikipedia.org/wiki/David_Alfaro_Siqueiros,https://i.ibb.co/Z19KZdr/image.jpg,https://i.ibb.co/JpwXJLp/image.png,https://i.ibb.co/9b6yhWy/image.gif,76,
Leon Bakst,The sleeping beauty design for scene IV (the awakening),1924,Male,Russian,Art Nouveau (Modern),design,,0,https://www.wikiart.org/en/leon-bakst/the-sleeping-beauty-design-for-scene-iv-the-awakening-1921,6,https://i.ibb.co/Y3DfjjX/image.jpg,"Léon Bakst  – born as Leyb-Khaim Izrailevich  Rosenberg, Лейб-Хаим Израилевич  Розенберг  was a Russian painter and scene and costume designer of Jewish origin. He was a member of the Sergei Diaghilev circle and the Ballets Russes, for which he designed exotic, richly coloured sets and costumes.",https://en.wikipedia.org/wiki/L%C3%A9on_Bakst,https://i.ibb.co/F0mXnzk/image.jpg,https://i.ibb.co/YhKJvLJ/image.png,https://i.ibb.co/RNFXLdw/image.gif,77,
El Greco,Dormition of the Virgin,1614,Male,Spanish,Mannerism (Late Renaissance),religious painting,"panel, tempera",,https://www.wikiart.org/en/el-greco/dormition-of-the-virgin-1566,4,https://i.ibb.co/NrvpbNM/image.jpg,"Domḗnikos Theotokópoulos , most widely known as El Greco , was a Greek painter, sculptor and architect of the Spanish Renaissance. ""El Greco"" was a nickname, and the artist normally signed his paintings with his full birth name in Greek letters, Δομήνικος Θεοτοκόπουλος , often adding the word Κρής , which means Cretan.",https://en.wikipedia.org/wiki/El_Greco,https://i.ibb.co/Ycz6HDz/image.jpg,https://i.ibb.co/mJ4Jp2j/image.png,https://i.ibb.co/CnqdP2X/image.gif,78,
Max Liebermann,The Artist's Granddaughter at the Table,1935,Male,Jewish,Impressionism,genre painting,"oil, canvas",1964381,https://www.wikiart.org/en/max-liebermann/the-artist-s-granddaughter-at-the-table-1923,5,https://i.ibb.co/PWKRSfc/image.jpg,"Max Liebermann  was a German painter and printmaker, and one of the leading proponents of Impressionism in Germany and continental Europe. In addition to his activity as an artist, he also assembled an important collection of French Impressionist works.",https://en.wikipedia.org/wiki/Max_Liebermann,https://i.ibb.co/1L64yB2/image.jpg,https://i.ibb.co/xgt2Gs0/image.png,https://i.ibb.co/qNmYTp1/image.gif,79,
Sam Francis,Untitled,1994,Male,American,Abstract Expressionism,abstract,,65023623,https://www.wikiart.org/en/sam-francis/untitled-1965-2,2,https://i.ibb.co/Y8YRRVb/image.jpg,Samuel Lewis Francis  was an American painter and printmaker..,https://en.wikipedia.org/wiki/Sam_Francis,https://i.ibb.co/BjM7yjY/image.jpg,https://i.ibb.co/98P2Yv7/image.png,https://i.ibb.co/XpJC0Q8/image.gif,80,
Brett Whiteley,"The Window, Lavender Bay",1992,Male,Australian,,figurative,,0,https://www.wikiart.org/en/brett-whiteley/the-window-lavender-bay-1980,6,https://i.ibb.co/4tHNKFZ/image.jpg,"Brett Whiteley AO  was an Australian artist. He is represented in the collections of all the large Australian galleries, and was twice winner of the Archibald, Wynne and Sulman prizes.",https://en.wikipedia.org/wiki/Brett_Whiteley,https://i.ibb.co/hL9x9Ty/image.jpg,https://i.ibb.co/7VwLvCh/image.png,https://i.ibb.co/yf5MQqY/image.gif,81,
Giorgio Morandi,Natura Morta,1964,Male,Italian,Magic Realism,still life,,47152449,https://www.wikiart.org/en/giorgio-morandi/natura-morta-1955,3,https://i.ibb.co/dpCx8WS/image.jpg,"Giorgio Morandi  was an Italian painter and printmaker who specialized in still life. His paintings are noted for their tonal subtlety in depicting simple subjects, which were limited mainly to vases, bottles, bowls, flowers and landscapes.",https://en.wikipedia.org/wiki/Giorgio_Morandi,https://i.ibb.co/8xJgdNt/image.jpg,https://i.ibb.co/K01hhKK/image.png,https://i.ibb.co/kBMtdZ4/image.gif,82,
Jackson Pollock,Number 1 (Lavender Mist),1956,Male,American,Action painting,abstract,"oil, enamel, canvas",79891312,https://www.wikiart.org/en/jackson-pollock/number-1-lavender-mist-1950-1,2,https://i.ibb.co/p4nV70q/image.jpg,"Paul Jackson Pollock  was an American painter and a major figure in the abstract expressionist movement. He was widely noticed for his ""drip technique"" of pouring or splashing liquid household paint onto a horizontal surface, enabling him to view and paint his canvases from all angles.",https://en.wikipedia.org/wiki/Jackson_Pollock,https://i.ibb.co/8DjDwMp/image.jpg,https://i.ibb.co/qpKMQqz/image.png,https://i.ibb.co/L0PRTfH/image.gif,83,
William Hogarth,Self portrait,1764,Male,British,Rococo,self-portrait,"oil, canvas",4984,https://www.wikiart.org/en/william-hogarth/self-portrait-1,6,https://i.ibb.co/Prrf9y2/image.jpg,"William Hogarth   was an English painter, engraver, pictorial satirist, social critic, editorial cartoonist and occasional writer on art. His work ranges from realistic portraiture to comic strip-like series of pictures called ""modern moral subjects"", and he is perhaps best known for his series A Harlot's Progress, A Rake's Progress and Marriage A-la-Mode.",https://en.wikipedia.org/wiki/William_Hogarth,https://i.ibb.co/Ctp5SFX/image.jpg,https://i.ibb.co/yW39nkh/image.png,https://i.ibb.co/LJ3tcMh/image.gif,84,
Canaletto,Perspective with a Portico,1768,Male,Italian,Rococo,capriccio,"oil, canvas",0,https://www.wikiart.org/en/canaletto/perspective-with-a-portico-1765,6,https://i.ibb.co/QjsrMxC/image.jpg,"Giovanni Antonio Canal , commonly known as Canaletto , was an Italian painter from the Republic of Venice, considered an important member of the 18th-century Venetian school.
Painter of city views or vedute, of Venice, Rome, and London, he also painted imaginary views , although the demarcation in his works between the real and the imaginary is never quite clearcut.",https://en.wikipedia.org/wiki/Canaletto,https://i.ibb.co/LtXB45h/image.jpg,https://i.ibb.co/c2KkhD2/image.png,https://i.ibb.co/NLbkqKb/image.gif,85,
Hans Hartung,Composition,1989,Male,French,Tachisme,abstract,,22952675,https://www.wikiart.org/en/hans-hartung/composition-1948,3,https://i.ibb.co/HDNjCWr/image.jpg,"Hans Hartung  was a German-French painter, known for his gestural abstract style. He was also a decorated World War II veteran of the Legion d'honneur.",https://en.wikipedia.org/wiki/Hans_Hartung,https://i.ibb.co/FDrRgBF/image.jpg,https://i.ibb.co/NZX1fvX/image.png,https://i.ibb.co/DGMwFDt/image.gif,86,
Hendrik Goltzius,Christ Carrying the Cross,1617,Male,Dutch,Mannerism (Late Renaissance),religious painting,"print, engraving",0,https://www.wikiart.org/en/hendrick-goltzius/christ-carrying-the-cross-1598,6,https://i.ibb.co/xYsvNC4/image.jpg,"Hendrick Goltzius, or Hendrik,  was a German-born Dutch printmaker, draftsman, and painter. He was the leading Dutch engraver of the early Baroque period, or Northern Mannerism, lauded for his sophisticated technique, technical mastership and ""exuberance"" of his compositions.",https://en.wikipedia.org/wiki/Hendrick_Goltzius,https://i.ibb.co/xKvHdBH/image.jpg,https://i.ibb.co/fdf54rD/image.png,https://i.ibb.co/pR9M27R/image.gif,87,
Marsden Hartley,Fisherman's Last Supper,1943,Male,American,Expressionism,genre painting,,0,https://www.wikiart.org/en/marsden-hartley/fisherman-s-last-supper-1941,6,https://i.ibb.co/94NJWQB/image.jpg,"Marsden Hartley  was an American Modernist painter, poet, and essayist. Hartley developed his painting abilities by observing Cubist artists in Paris and Berlin.",https://en.wikipedia.org/wiki/Marsden_Hartley,https://i.ibb.co/k1jZwPj/image.jpg,https://i.ibb.co/WnSF0t0/image.png,https://i.ibb.co/bXB8wHQ/image.gif,88,
Otto Dix,Stormtroops Advancing Under Gas,1969,Male,German,Expressionism,battle painting,,2510238,https://www.wikiart.org/en/otto-dix/stormtroops-advancing-under-gas,5,https://i.ibb.co/ZWz5FXR/image.jpg,"Wilhelm Heinrich Otto Dix  was a German painter and printmaker, noted for his ruthless and harshly realistic depictions of German society during the Weimar Republic and the brutality of war. Along with George Grosz and Max Beckmann, he is widely considered one of the most important artists of the Neue Sachlichkeit.",https://en.wikipedia.org/wiki/Otto_Dix,https://i.ibb.co/R7s7NLp/image.jpg,https://i.ibb.co/6gT86D5/image.png,https://i.ibb.co/q90Xr1y/image.gif,89,
Roy Lichtenstein,Blam,1997,Male,American,Pop Art,genre painting,"oil, canvas",1241881031,https://www.wikiart.org/en/roy-lichtenstein/blam-1962,1,https://i.ibb.co/VSF8J6V/image.jpg,"Roy Fox Lichtenstein  was an American pop artist. During the 1960s, along with Andy Warhol, Jasper Johns, and James Rosenquist among others, he became a leading figure in the new art movement.",https://en.wikipedia.org/wiki/Roy_Lichtenstein,https://i.ibb.co/mzvCyys/image.jpg,https://i.ibb.co/s18LjcX/image.png,https://i.ibb.co/BqLtDQX/image.gif,90,
Marcel Duchamp,The Bride Stripped Bare by her Bachelors,1968,Male,French,Dada,figurative,"oil, varnish, glass",47074563,https://www.wikiart.org/en/marcel-duchamp/the-bride-stripped-bare-by-her-bachelors-1923,3,https://i.ibb.co/K7x4YkX/image.jpg,"Henri-Robert-Marcel Duchamp  was a French painter, sculptor, chess player, and writer whose work is associated with Cubism, Dada, and conceptual art. Duchamp is commonly regarded, along with Pablo Picasso and Henri Matisse, as one of the three artists who helped to define the revolutionary developments in the plastic arts in the opening decades of the 20th century, responsible for significant developments in painting and sculpture.",https://en.wikipedia.org/wiki/Marcel_Duchamp,https://i.ibb.co/Hn1BtT7/image.jpg,https://i.ibb.co/X8w6pBB/image.png,https://i.ibb.co/30pFK09/image.gif,91,
Gustave Courbet,A Burial at Ornans,1877,Male,French,Realism,genre painting,"oil, canvas",13710000,https://www.wikiart.org/en/gustave-courbet/a-burial-at-ornans-1850-1,4,https://i.ibb.co/WzMfL0b/image.jpg,"Jean Désiré Gustave Courbet  was a French painter who led the Realism movement in 19th-century French painting. Committed to painting only what he could see, he rejected academic convention and the Romanticism of the previous generation of visual artists.",https://en.wikipedia.org/wiki/Gustave_Courbet,https://i.ibb.co/GM8Vv2W/image.jpg,https://i.ibb.co/CzJqcbZ/image.png,https://i.ibb.co/NsYCpKg/image.gif,92,
Frederic Bazille,The Fisherman with a Net,1870,Male,French,Impressionism,nude painting (nu),"oil, canvas",293954,https://www.wikiart.org/en/frederic-bazille/the-fisherman-with-a-net,5,https://i.ibb.co/wdZJ0FV/image.jpg,Jean Frédéric Bazille  was a French Impressionist painter. Many of Bazille's major works are examples of figure painting in which he placed the subject figure within a landscape painted en plein air.,https://en.wikipedia.org/wiki/Fr%C3%A9d%C3%A9ric_Bazille,https://i.ibb.co/cDsxRVy/image.jpg,https://i.ibb.co/Bj5ZVTk/image.png,https://i.ibb.co/nR9Xrh4/image.gif,93,
Pierre Bonnard,"View of Le Cannet, Roofs",1947,Male,French,Post-Impressionism,landscape,"oil, canvas",52079531,https://www.wikiart.org/en/pierre-bonnard/view-of-le-cannet-roofs-1942,2,https://i.ibb.co/Q8Bkg9T/image.jpg,"Pierre Bonnard  was a French painter, illustrator and printmaker, known especially for the stylized decorative qualities of his paintings and his bold use of color. A founding member of the Post-Impressionist group of avant-garde painters Les Nabis, his early work was strongly influenced by the work of Paul Gauguin, as well as the prints of Hokusai and other Japanese artists.",https://en.wikipedia.org/wiki/Pierre_Bonnard,https://i.ibb.co/vZ7Ym82/image.jpg,https://i.ibb.co/w6B90Y6/image.png,https://i.ibb.co/71BLX69/image.gif,94,
Jan van Eyck,The Arnolfini Wedding. Portrait of Giovanni Arnolfini and his Wife Giovanna Cenami (The Arnolfini Marriage),1569,Male,Flemish,Northern Renaissance,portrait,"oil, panel",0,https://www.wikiart.org/en/jan-van-eyck/the-arnolfini-wedding-the-portrait-of-giovanni-arnolfini-and-his-wife-giovanna-cenami-the-1434,6,https://i.ibb.co/drCQMTc/image.jpg,"Jan van Eyck  was a painter active in Bruges who was one of the early innovators of what became known as Early Netherlandish painting, and one of the most significant representatives of Early Northern Renaissance art. According to Vasari and other art historians including Ernst Gombrich, he invented oil painting, though most now regard that claim as an oversimplification.",https://en.wikipedia.org/wiki/Jan_van_Eyck,https://i.ibb.co/XC33pB9/image.jpg,https://i.ibb.co/3RGBwyG/image.png,https://i.ibb.co/XjYH7k1/image.gif,95,
